filename,relative_path,label,matched_keywords
A Hare in the Forest_Hans Hoffmann.jpg,BG_image/A Hare in the Forest_Hans Hoffmann.jpg,neutral,hare
beach_scene_at_trouville_1983.1.14.jpg,BG_image/beach_scene_at_trouville_1983.1.14.jpg,neutral,
breezing_up_a_fair_wind_1943.13.1.jpg,BG_image/breezing_up_a_fair_wind_1943.13.1.jpg,happiness,breeze
brittany_landscape_1963.10.148.jpg,BG_image/brittany_landscape_1963.10.148.jpg,neutral,landscape
Bubble-Squeak-1-.-scaled.jpg,BG_image/Bubble-Squeak-1-.-scaled.jpg,disgust,bubble;squeak
Bubble-Squeak-2.jpg,BG_image/Bubble-Squeak-2.jpg,disgust,bubble;squeak
Bubble-squeak-4-scaled.jpg,BG_image/Bubble-squeak-4-scaled.jpg,disgust,bubble;squeak
Cable Griffith?Ghost Tree.jpg,BG_image/Cable Griffith?Ghost Tree.jpg,sadness,ghost
charing_cross_bridge_london_1985.64.32.jpg,BG_image/charing_cross_bridge_london_1985.64.32.jpg,neutral,
dance_hall_bellevue_obverse_1989.60.1.a.jpg,BG_image/dance_hall_bellevue_obverse_1989.60.1.a.jpg,happiness,dance
Evening Sky Rome_Graham Nickson.jpg,BG_image/Evening Sky Rome_Graham Nickson.jpg,neutral,
Fares Micue ? The Sacrifice Stone.jpg,BG_image/Fares Micue ? The Sacrifice Stone.jpg,neutral,
farmhouse_in_provence_1970.17.34.jpg,BG_image/farmhouse_in_provence_1970.17.34.jpg,neutral,farmhouse
festival_in_the_harbor_of_honfleur_1983.1.10.jpg,BG_image/festival_in_the_harbor_of_honfleur_1983.1.10.jpg,happiness,festival
flower_beds_in_holland_1983.1.21.jpg,BG_image/flower_beds_in_holland_1983.1.21.jpg,neutral,
green_wheat_fields_auvers_2013.122.1.jpg,BG_image/green_wheat_fields_auvers_2013.122.1.jpg,neutral,wheat
Ground Swell.jpg,BG_image/Ground Swell.jpg,fear,swell
Haeyum-Painting-Hyunah-Kim.jpg,BG_image/Haeyum-Painting-Hyunah-Kim.jpg,neutral,
hampton_court_green_1970.17.53.jpg,BG_image/hampton_court_green_1970.17.53.jpg,neutral,hampton
hanging_the_laundry_out_to_dry_1985.64.28.jpg,BG_image/hanging_the_laundry_out_to_dry_1985.64.28.jpg,neutral,
harvest--the_plain_of_la_crau_1992.51.10.jpg,BG_image/harvest--the_plain_of_la_crau_1992.51.10.jpg,happiness,harvest
haystacks_in_brittany_1972.9.11.jpg,BG_image/haystacks_in_brittany_1972.9.11.jpg,neutral,
house_of_pere_lacroix_1963.10.102.jpg,BG_image/house_of_pere_lacroix_1963.10.102.jpg,neutral,
interior_after_dinner_1983.1.26.jpg,BG_image/interior_after_dinner_1983.1.26.jpg,neutral,interior
Irises_Vincent van Gogh.jpg,BG_image/Irises_Vincent van Gogh.jpg,happiness,irises
kyoto-joy-scaled.jpg,BG_image/kyoto-joy-scaled.jpg,happiness,kyoto;joy
Landscape at Louveciennes (Autumn)_Camille Pissarro.jpg,BG_image/Landscape at Louveciennes (Autumn)_Camille Pissarro.jpg,neutral,landscape;louveciennes
Landscape with a Calm_Nicolas Poussin.jpg,BG_image/Landscape with a Calm_Nicolas Poussin.jpg,neutral,landscape;calm
Landscape with Classical Ruins and Figure_Marco Ricci.jpg,BG_image/Landscape with Classical Ruins and Figure_Marco Ricci.jpg,neutral,landscape
landscape_1969.14.1.jpg,BG_image/landscape_1969.14.1.jpg,neutral,landscape
laocoon_1946.18.1.jpg,BG_image/laocoon_1946.18.1.jpg,neutral,
Manhattan-skyline.jpg,BG_image/Manhattan-skyline.jpg,surprise,manhattan
oarsmen_at_chatou_1951.5.2.jpg,BG_image/oarsmen_at_chatou_1951.5.2.jpg,neutral,
orchard_in_bloom_louveciennes_1970.17.51.jpg,BG_image/orchard_in_bloom_louveciennes_1970.17.51.jpg,happiness,bloom;orchard;louveciennes
parau_na_te_varua_ino_words_of_the_devil_1972.9.12.jpg,BG_image/parau_na_te_varua_ino_words_of_the_devil_1972.9.12.jpg,anger,devil
place_vintimille_1998.47.1-5.jpg,BG_image/place_vintimille_1998.47.1-5.jpg,neutral,
saint_sebastian_succored_by_the_holy_women_1960.6.4.jpg,BG_image/saint_sebastian_succored_by_the_holy_women_1960.6.4.jpg,sadness,saint;sebastian
scenes_from_a_legend_1939.1.344.b.jpg,BG_image/scenes_from_a_legend_1939.1.344.b.jpg,anger,legend
scenes_from_a_legend_1939.1.344.c.jpg,BG_image/scenes_from_a_legend_1939.1.344.c.jpg,anger,legend
seascape_at_port-en-bessin_normandy_1972.9.21.jpg,BG_image/seascape_at_port-en-bessin_normandy_1972.9.21.jpg,neutral,
"Ships a Sea, getting a Good Wetting_Joseph Mallord William Turner.jpg","BG_image/Ships a Sea, getting a Good Wetting_Joseph Mallord William Turner.jpg",anger,wetting
ships_in_distress_off_a_rocky_coast_1985.29.1.jpg,BG_image/ships_in_distress_off_a_rocky_coast_1985.29.1.jpg,sadness,distress
Sunrise at Sea_Peter Henry Emerson.jpg,BG_image/Sunrise at Sea_Peter Henry Emerson.jpg,surprise,sunrise
The Entry of the Animals into Noah s Ark.jpg,BG_image/The Entry of the Animals into Noah s Ark.jpg,surprise,noah;ark
the_bathers_1951.5.1 (1).jpg,BG_image/the_bathers_1951.5.1 (1).jpg,neutral,bathers
the_bathers_1951.5.1.jpg,BG_image/the_bathers_1951.5.1.jpg,neutral,bathers
the_battle_of_love_1972.9.2.jpg,BG_image/the_battle_of_love_1972.9.2.jpg,anger,battle
the_church_of_souain_1990.30.1.jpg,BG_image/the_church_of_souain_1990.30.1.jpg,fear,church
the_colza_harvesting_rapeseed_2014.136.21.jpg,BG_image/the_colza_harvesting_rapeseed_2014.136.21.jpg,happiness,harvest
the_dance_class_2014.79.710.jpg,BG_image/the_dance_class_2014.79.710.jpg,happiness,dance
the_evening_of_the_deluge_1960.6.40.jpg,BG_image/the_evening_of_the_deluge_1960.6.40.jpg,sadness,deluge
the_harbor_at_lorient_1970.17.48.jpg,BG_image/the_harbor_at_lorient_1970.17.48.jpg,neutral,
the_harvest_1985.64.91.jpg,BG_image/the_harvest_1985.64.91.jpg,happiness,harvest
the_olive_orchard_1963.10.152.jpg,BG_image/the_olive_orchard_1963.10.152.jpg,neutral,olive;orchard
the_small_crucifixion_1961.9.19.jpg,BG_image/the_small_crucifixion_1961.9.19.jpg,sadness,crucifixion
the_zandmennik_house_1991.217.66.jpg,BG_image/the_zandmennik_house_1991.217.66.jpg,neutral,
tiger_and_snake_2014.136.30.jpg,BG_image/tiger_and_snake_2014.136.30.jpg,anger,tiger;snake
"Tugboat on the Seine, Chatou.jpg","BG_image/Tugboat on the Seine, Chatou.jpg",neutral,
Vase of Flowers_Jan van Huysum.jpg,BG_image/Vase of Flowers_Jan van Huysum.jpg,happiness,flowers
Winter.jpg,BG_image/Winter.jpg,sadness,winter
woman_in_a_striped_dress_1983.1.38.jpg,BG_image/woman_in_a_striped_dress_1983.1.38.jpg,neutral,
Work Table.jpg,BG_image/Work Table.jpg,neutral,table
